Timestamp,Username,Please select your ASURITE ID,Please enter your Github username (NOT your email address),Email address for us to invite you to the Taiga scrumboard,In what time zone do you live or will you be during the session? Please use UTC so we can match it easier.,"Please choose times that are good for your team to meet. Times are in the Phoenix, AZ time zone! [0:00 AM - 3:00 AM]","Please choose times that are good for your team to meet. Times are in the Phoenix, AZ time zone! [3:00 AM - 6:00 AM]","Please choose times that are good for your team to meet. Times are in the Phoenix, AZ time zone! [6:00 AM - 9:00 AM]","Please choose times that are good for your team to meet. Times are in the Phoenix, AZ time zone! [9:00 AM - 12:00 PM]","Please choose times that are good for your team to meet. Times are in the Phoenix, AZ time zone! [12:00 PM - 3:00 PM]","Please choose times that are good for your team to meet. Times are in the Phoenix, AZ time zone! [3:00 PM - 6:00 PM]","Please choose times that are good for your team to meet. Times are in the Phoenix, AZ time zone! [6:00 PM - 9:00 PM]","Please choose times that are good for your team to meet. Times are in the Phoenix, AZ time zone! [9:00 PM - 12:00 PM]",Preferred team member 1,Preferred team member 2,Preferred team member 3,Preferred team member 4,Non-preferred student 1,Non-preferred student 2,Non-preferred student 3
2022/03/11 8:18:28 AM MST,asurite1@asu.edu,asurite1,A_1,A1@gmail.com,UTC -6,,,Tuesday;Wednesday;Thursday;Friday,Tuesday;Wednesday;Thursday;Friday;Saturday,Tuesday;Wednesday;Thursday;Saturday,Monday;Tuesday;Wednesday;Thursday;Saturday,Monday;Tuesday;Wednesday;Thursday,,,,,,,,
2022/03/11 9:15:42 AM MST,asurite2@asu.edu,asurite2,A_2,A2@gmail.com,UTC -5,,,,Sunday;Monday;Tuesday;Wednesday;Thursday;Friday;Saturday,Sunday;Monday;Tuesday;Wednesday;Thursday;Friday;Saturday,Sunday;Monday;Tuesday;Wednesday;Thursday;Friday;Saturday,,,,,,,,,
2022/03/11 10:15:47 AM MST,asurite3@asu.edu,asurite3,A_3,A3@gmail.com,UTC -7,,,,,,Sunday;Saturday,Sunday;Monday;Tuesday;Wednesday;Thursday;Friday;Saturday,,asurite78,,,,asurite115,,
2022/03/11 10:49:55 AM MST,asurite4@asu.edu,asurite4,A_4,A4@gmail.com,UTC -7,,,,,Sunday;Monday;Tuesday;Wednesday;Thursday;Friday;Saturday,Sunday;Monday;Tuesday;Wednesday;Thursday;Friday;Saturday,Sunday;Monday;Tuesday;Wednesday;Thursday;Friday;Saturday,,asurite102,asurite97,asurite20,asurite18,asurite66,,
2022/03/11 12:59:16 PM MST,asurite5@asu.edu,asurite5,A_5,A5@gmail.com,UTC -5,,,Tuesday;Thursday;Friday,Tuesday;Thursday;Friday,,,Sunday;Monday;Tuesday;Wednesday;Thursday;Friday;Saturday,,asurite21,asurite88,asurite128,asurite112,asurite8,asurite31,
2022/03/11 3:13:19 PM MST,asurite6@asu.edu,asurite6,A_6,A6@gmail.com,UTC -7,,,,Sunday;Saturday,Sunday;Monday;Tuesday;Wednesday;Thursday;Friday;Saturday,Sunday;Monday;Tuesday;Wednesday;Thursday;Friday;Saturday,Sunday;Monday;Tuesday;Wednesday;Thursday;Friday;Saturday,,,,,,asurite8,asurite74,asurite79
2022/03/11 4:15:40 PM MST,asurite7@asu.edu,asurite7,A_7,A7@gmail.com,UTC -6,,,,,,,Sunday;Monday;Tuesday;Wednesday;Thursday;Friday;Saturday,Sunday;Monday;Tuesday;Wednesday;Thursday;Friday;Saturday,,,,,,,
2022/03/11 4:36:47 PM MST,asurite8@asu.edu,asurite8,A_8,A8@gmail.com,UTC -6,,,,,Sunday;Saturday,Sunday;Saturday,Sunday;Monday;Tuesday;Wednesday;Thursday;Friday;Saturday,,asurite79,,,,,,
2022/03/11 5:47:40 PM MST,asurite9@asu.edu,asurite9,A_9,A9@gmail.com,UTC -8,,,,Sunday;Monday;Tuesday;Wednesday;Thursday;Friday;Saturday,Sunday;Monday;Tuesday;Wednesday;Thursday;Friday;Saturday,Sunday;Monday;Tuesday;Wednesday;Thursday;Friday;Saturday,Sunday;Monday;Tuesday;Wednesday;Thursday;Friday;Saturday,Thursday;Friday;Saturday,,,,,,,
2022/03/11 6:38:51 PM MST,asurite10@asu.edu,asurite10,A_10,A10@gmail.com,UTC -8,,,Thursday;Friday;Saturday,Thursday;Friday;Saturday,Thursday;Friday;Saturday,Monday;Tuesday;Wednesday;Thursday;Friday;Saturday,Monday;Tuesday;Wednesday;Thursday;Friday;Saturday,,,,,,,,
2022/03/11 8:18:52 PM MST,asurite11@asu.edu,asurite11,A_11,A11@gmail.com,UTC -8,,,Sunday;Friday;Saturday,Sunday;Friday;Saturday,Sunday;Friday;Saturday,Sunday;Monday;Tuesday;Wednesday;Thursday;Friday;Saturday,Sunday;Monday;Tuesday;Wednesday;Thursday;Friday;Saturday,,,,,,,,
2022/03/11 10:56:29 PM MST,asurite12@asu.edu,asurite12,A_12,A12@gmail.com,UTC -7,,,Sunday;Saturday,Sunday;Friday;Saturday,Sunday;Monday;Tuesday;Wednesday;Thursday;Friday;Saturday,Sunday;Monday;Tuesday;Wednesday;Friday;Saturday,,,,,,,,,
2022/03/12 12:54:39 AM MST,asurite13@asu.edu,asurite13,A_13,A13@gmail.com,UTC -7,,,,Saturday,Sunday;Saturday,Sunday;Monday;Tuesday;Wednesday;Thursday;Friday;Saturday,Sunday;Monday;Tuesday;Wednesday;Thursday;Friday;Saturday,Sunday;Monday;Tuesday;Wednesday;Thursday;Friday;Saturday,,,,,,,
2022/03/12 7:43:02 AM MST,asurite14@asu.edu,asurite14,A_14,A14@gmail.com,UTC +6,,,,Sunday;Saturday,Sunday;Friday;Saturday,Sunday;Monday;Tuesday;Wednesday;Thursday;Friday;Saturday,Sunday;Monday;Tuesday;Wednesday;Thursday;Friday;Saturday,,asurite96,,,,,,
2022/03/12 8:01:38 AM MST,asurite15@asu.edu,asurite15,A_15,A15@gmail.com,UTC -7,Sunday;Saturday,Sunday;Saturday,Sunday;Saturday,Sunday;Saturday,Sunday;Saturday,Sunday;Saturday,Sunday;Monday;Tuesday;Wednesday;Thursday;Friday;Saturday,Sunday;Monday;Tuesday;Wednesday;Thursday;Friday;Saturday,,,,,,,
2022/03/12 11:12:28 AM MST,asurite16@asu.edu,asurite16,A_16,A16@gmail.com,UTC -8,,,,Monday;Tuesday;Wednesday;Thursday;Friday;Saturday,Sunday;Monday;Tuesday;Wednesday;Thursday;Friday;Saturday,Sunday;Monday;Tuesday;Wednesday;Thursday;Friday;Saturday,Sunday;Monday;Tuesday;Wednesday;Thursday;Friday;Saturday,,asurite27,asurite24,asurite21,asurite30,,,
2022/03/12 12:06:02 PM MST,asurite17@asu.edu,asurite17,A_17,A17@gmail.com,UTC -7,,,,Sunday;Saturday,Sunday;Saturday,Sunday;Saturday,Sunday;Monday;Tuesday;Wednesday;Thursday;Friday;Saturday,,,,,,asurite93,,
2022/03/12 12:48:10 PM MST,asurite18@asu.edu,asurite18,A_18,A18@gmail.com,UTC -5,,,,,,,Sunday;Monday;Tuesday;Friday,Sunday;Monday;Tuesday;Wednesday;Thursday;Friday,asurite102,asurite20,asurite34,asurite19,,,
2022/03/12 12:52:20 PM MST,asurite19@asu.edu,asurite19,A_19,A19@gmail.com,UTC -4,,,,Sunday;Saturday,Sunday;Saturday,Sunday;Saturday,Sunday;Monday;Tuesday;Wednesday;Thursday;Friday;Saturday,Sunday;Saturday,asurite34,asurite25,asurite102,asurite20,asurite129,,
2022/03/12 1:35:25 PM MST,asurite20@asu.edu,asurite20,A_20,A20@gmail.com,UTC -8,,,,Friday,Friday,Tuesday;Thursday;Friday,Sunday;Monday;Tuesday;Wednesday;Thursday;Friday;Saturday,Sunday;Monday;Tuesday;Wednesday;Thursday;Friday;Saturday,asurite102,asurite34,asurite18,asurite19,,,
2022/03/12 1:52:40 PM MST,asurite21@asu.edu,asurite21,A_21,A21@gmail.com,UTC -8,Sunday;Saturday,,,Sunday;Monday;Wednesday;Friday;Saturday,Sunday;Monday;Wednesday;Friday;Saturday,Sunday;Monday;Wednesday;Friday;Saturday,Sunday;Monday;Tuesday;Wednesday;Thursday;Friday;Saturday,Sunday;Monday;Tuesday;Wednesday;Thursday;Friday;Saturday,asurite30,asurite16,asurite27,,asurite89,asurite129,
2022/03/12 5:16:40 PM MST,asurite22@asu.edu,asurite22,A_22,A22@gmail.com,UTC -6,,,,Sunday;Friday;Saturday,Sunday;Friday;Saturday,Sunday;Monday;Tuesday;Wednesday;Thursday;Friday;Saturday,Sunday;Monday;Tuesday;Wednesday;Thursday;Friday;Saturday,Sunday;Monday;Tuesday;Wednesday;Thursday;Friday;Saturday,asurite14,asurite74,,,,,
2022/03/12 5:55:09 PM MST,asurite23@asu.edu,asurite23,A_23,A23@gmail.com,UTC -5,,,,,,Sunday;Monday;Tuesday;Wednesday;Saturday,Sunday;Monday;Tuesday;Wednesday;Saturday,Sunday;Monday;Tuesday;Wednesday;Saturday,,,,,,,
2022/03/12 7:44:53 PM MST,asurite24@asu.edu,asurite24,A_24,A24@gmail.com,UTC -8,,,,,Sunday;Monday;Tuesday;Wednesday;Thursday,Sunday;Monday;Tuesday;Wednesday;Thursday,Sunday;Monday;Tuesday;Wednesday;Thursday,,asurite16,asurite27,asurite31,,,,
2022/03/12 11:10:09 PM MST,asurite25@asu.edu,asurite25,A_25,A25@gmail.com,UTC -8,Saturday,Saturday,Saturday,Saturday,Sunday;Monday;Tuesday;Wednesday;Thursday;Friday;Saturday,Sunday;Monday;Tuesday;Wednesday;Thursday;Friday;Saturday,Sunday;Monday;Tuesday;Wednesday;Thursday;Friday;Saturday,Sunday;Monday;Tuesday;Wednesday;Thursday;Friday;Saturday,asurite19,asurite34,asurite102,,,,
2022/03/13 5:07:44 AM MDT,asurite26@asu.edu,asurite26,A_26,A26@gmail.com,UTC -5,,,,,,,,Sunday;Monday;Tuesday;Wednesday;Thursday;Friday;Saturday,,,,,,,
2022/03/13 9:56:15 AM MDT,asurite27@asu.edu,asurite27,A_27,A27@gmail.com,UTC -8,,,,,Saturday,Saturday,Monday;Tuesday;Wednesday;Thursday;Friday;Saturday,,asurite16,asurite21,asurite30,asurite24,,,
2022/03/13 10:01:53 AM MDT,asurite28@asu.edu,asurite28,A_28,A28@gmail.com,UTC -7,,,Sunday;Monday;Tuesday;Wednesday;Thursday;Friday;Saturday,Sunday;Monday;Tuesday;Wednesday;Thursday;Friday;Saturday,Sunday;Monday;Tuesday;Wednesday;Thursday;Friday;Saturday,Sunday;Monday;Tuesday;Wednesday;Thursday;Friday;Saturday,Sunday;Monday;Tuesday;Wednesday;Thursday;Friday;Saturday,Sunday;Monday;Tuesday;Wednesday;Thursday;Friday;Saturday,asurite9,,,,,,
2022/03/13 11:56:59 AM MDT,asurite29@asu.edu,asurite29,A_29,A29@gmail.com,UTC -8,,,Sunday;Friday;Saturday,Sunday;Monday;Tuesday;Wednesday;Thursday;Friday;Saturday,Tuesday;Wednesday;Thursday,Tuesday;Wednesday;Thursday,Sunday;Monday;Tuesday;Wednesday;Thursday;Friday;Saturday,,,,,,,,
2022/03/13 1:03:45 PM MDT,asurite30@asu.edu,asurite30,A_30,A30@gmail.com,UTC -4,,,,,,,Sunday;Monday;Tuesday;Wednesday;Thursday;Friday;Saturday,,asurite21,,,,asurite126,asurite89,
2022/03/13 2:53:44 PM MDT,asurite31@asu.edu,asurite31,A_31,A31@gmail.com,UTC -8,,,Sunday;Monday;Thursday;Friday;Saturday,Sunday;Monday;Thursday;Friday;Saturday,Sunday;Monday;Thursday;Friday;Saturday,Sunday;Monday;Tuesday;Wednesday;Thursday;Friday;Saturday,Sunday;Monday;Tuesday;Wednesday;Thursday;Friday,,asurite8,asurite24,asurite16,asurite27,,,
2022/03/13 4:20:36 PM MDT,asurite32@asu.edu,asurite32,A_32,A32@gmail.com,UTC -5,Sunday;Monday,,,,,Sunday;Monday;Tuesday;Wednesday;Thursday,Sunday;Monday;Tuesday;Wednesday;Thursday,Sunday;Monday;Tuesday;Wednesday;Thursday,asurite70,asurite73,asurite22,asurite21,,,
2022/03/13 6:39:34 PM MDT,asurite33@asu.edu,asurite33,A_33,A33@gmail.com,UTC -5,,,,,,,,Sunday;Monday;Tuesday;Wednesday;Thursday;Friday;Saturday,,,,,,,
2022/03/13 7:02:21 PM MDT,asurite34@asu.edu,asurite34,A_34,A34@gmail.com,UTC -7,,,,Sunday;Monday;Tuesday;Wednesday;Thursday;Friday;Saturday,Sunday;Monday;Tuesday;Thursday;Friday;Saturday,Sunday;Monday;Tuesday;Wednesday;Thursday;Friday;Saturday,Sunday;Monday;Tuesday;Wednesday;Thursday;Saturday,,asurite25,asurite19,asurite102,asurite18,asurite66,asurite129,asurite44
2022/03/13 11:03:06 PM MDT,asurite35@asu.edu,asurite35,A_35,A35@gmail.com,UTC -7,,,Sunday,Sunday,Sunday;Saturday,Sunday,Sunday;Monday;Wednesday;Friday;Saturday,,,,,,asurite125,,
2022/03/14 1:18:55 AM MDT,asurite36@asu.edu,asurite36,A_36,A36@gmail.com,UTC -7,Sunday;Monday;Tuesday;Wednesday;Thursday;Friday;Saturday,Sunday;Monday;Tuesday;Wednesday;Thursday;Friday;Saturday,Sunday;Monday;Tuesday;Wednesday;Thursday;Friday;Saturday,,,Sunday;Monday;Tuesday;Wednesday;Thursday;Friday;Saturday,Sunday;Monday;Tuesday;Wednesday;Thursday;Friday;Saturday,Sunday;Monday;Tuesday;Wednesday;Thursday;Friday;Saturday,,,,,,,
2022/03/14 1:24:38 AM MDT,asurite37@asu.edu,asurite37,A_37,A37@gmail.com,UTC -7,,,Monday;Tuesday;Wednesday;Thursday;Friday,Monday;Tuesday;Wednesday;Thursday;Friday,Monday;Tuesday;Wednesday;Thursday;Friday,Sunday;Monday;Tuesday;Wednesday;Thursday;Friday;Saturday,Sunday;Saturday,Sunday;Saturday,,,,,asurite106,,
2022/03/14 8:37:43 AM MDT,asurite38@asu.edu,asurite38,A_38,A38@gmail.com,UTC -6,,,,Monday;Wednesday;Thursday;Friday;Saturday,Monday;Tuesday;Wednesday;Thursday;Friday;Saturday,Sunday;Thursday;Friday;Saturday,Sunday;Friday;Saturday,Sunday;Friday;Saturday,,,,,,,
2022/03/14 8:42:01 AM MDT,asurite39@asu.edu,asurite39,A_39,A39@gmail.com,UTC -7,,,Monday;Tuesday;Wednesday;Thursday,Sunday;Saturday,Sunday;Saturday,Sunday;Saturday,Monday;Tuesday;Wednesday;Thursday,Monday;Tuesday;Wednesday;Thursday,asurite73,asurite71,asurite57,,asurite66,,
2022/03/14 8:45:11 AM MDT,asurite40@asu.edu,asurite40,A_40,A40@gmail.com,UTC -5,,,,Sunday;Monday;Tuesday;Wednesday;Thursday;Friday;Saturday,Sunday;Monday;Tuesday;Wednesday;Thursday;Friday;Saturday,,,,,,,,,,
2022/03/14 8:48:29 AM MDT,asurite41@asu.edu,asurite41,A_41,A41@gmail.com,UTC -4,,Sunday;Monday;Tuesday;Wednesday,Sunday;Monday;Wednesday,Sunday;Monday;Tuesday;Wednesday,Sunday;Monday;Tuesday;Wednesday;Thursday;Friday;Saturday,Sunday;Monday;Tuesday;Wednesday;Thursday;Friday;Saturday,Sunday;Monday;Tuesday;Wednesday;Thursday;Friday;Saturday,,,,,,,,
2022/03/14 9:37:03 AM MDT,asurite42@asu.edu,asurite42,A_42,A42@gmail.com,UTC +4,,,,Monday;Tuesday;Wednesday;Thursday;Friday,Monday;Tuesday;Wednesday;Thursday,Monday;Tuesday;Wednesday;Thursday,,,,,,,,,
2022/03/14 9:54:46 AM MDT,asurite43@asu.edu,asurite43,A_43,A43@gmail.com,UTC -5,Sunday;Monday;Tuesday;Wednesday;Thursday;Friday;Saturday,Sunday,Sunday,Sunday,Sunday;Monday;Tuesday;Friday,Sunday;Monday;Tuesday;Friday,Sunday;Monday;Tuesday;Wednesday;Thursday;Friday;Saturday,Sunday;Monday;Tuesday;Wednesday;Thursday;Friday;Saturday,asurite47,asurite49,,,asurite30,,
2022/03/14 10:21:01 AM MDT,asurite44@asu.edu,asurite44,A_44,A44@gmail.com,UTC -4,,Sunday;Monday;Tuesday;Wednesday;Thursday;Friday;Saturday,Sunday;Monday;Tuesday;Wednesday;Thursday;Friday;Saturday,Monday;Tuesday;Wednesday;Thursday;Friday;Saturday,Monday;Tuesday;Wednesday;Thursday;Friday;Saturday,Sunday;Monday;Tuesday;Wednesday;Thursday;Friday;Saturday,Sunday;Monday;Tuesday;Wednesday;Thursday;Friday;Saturday,,asurite122,,asurite26,,,,
2022/03/14 10:33:51 AM MDT,asurite45@asu.edu,asurite45,A_45,A45@gmail.com,UTC -5,,,,,Sunday;Monday;Tuesday;Wednesday;Thursday;Friday;Saturday,Sunday;Monday;Tuesday;Wednesday;Thursday;Friday;Saturday,Sunday;Monday;Tuesday;Wednesday;Thursday;Friday;Saturday,Sunday;Monday;Tuesday;Wednesday;Thursday;Friday;Saturday,asurite73,asurite79,,,asurite29,,
2022/03/14 10:34:45 AM MDT,asurite46@asu.edu,asurite46,A_46,A46@gmail.com,UTC -6,,,Sunday;Monday;Tuesday;Wednesday;Thursday;Friday;Saturday,Sunday;Monday;Tuesday;Wednesday;Thursday;Friday;Saturday,,,Sunday;Monday;Tuesday;Wednesday;Thursday;Friday;Saturday,Sunday;Monday;Tuesday;Wednesday;Thursday;Friday;Saturday,asurite54,,,,,,
2022/03/14 10:58:49 AM MDT,asurite47@asu.edu,asurite47,A_47,A47@gmail.com,UTC -8,,,,Monday;Tuesday;Wednesday;Thursday;Friday,Monday;Tuesday;Wednesday;Thursday;Friday,Monday;Tuesday;Wednesday;Thursday;Friday,Monday;Tuesday;Wednesday;Thursday;Friday,Monday;Tuesday;Wednesday;Thursday;Friday,,,,,,,
2022/03/14 11:35:34 AM MDT,asurite48@asu.edu,asurite48,A_48,A48@gmail.com,UTC -7,,,Sunday;Saturday,Sunday;Saturday,Sunday;Saturday,Sunday;Monday;Tuesday;Wednesday;Thursday;Friday;Saturday,Sunday;Monday;Tuesday;Wednesday;Thursday;Friday;Saturday,Saturday,asurite76,,,,asurite130,,
2022/03/14 11:50:54 AM MDT,asurite49@asu.edu,asurite49,A_49,A49@gmail.com,UTC -7,,,,,,,,Sunday;Monday;Tuesday;Wednesday;Thursday,asurite43,,,,,,
2022/03/14 12:40:37 PM MDT,asurite50@asu.edu,asurite50,A_50,A50@gmail.com,UTC -5,,,Sunday;Monday;Tuesday;Wednesday;Thursday;Friday;Saturday,Monday;Friday,,,Sunday;Monday;Tuesday;Wednesday;Thursday;Friday;Saturday,,,,,,,,
2022/03/14 12:47:30 PM MDT,asurite51@asu.edu,asurite51,A_51,A51@gmail.com,UTC -7,,,,Tuesday,Tuesday,Sunday;Monday;Tuesday;Wednesday;Thursday;Friday;Saturday,Sunday;Monday;Tuesday;Wednesday;Thursday;Friday;Saturday,,,,,,,,
2022/03/14 1:00:28 PM MDT,asurite52@asu.edu,asurite52,A_52,A52@gmail.com,UTC -8,,,,,Monday;Tuesday;Wednesday;Thursday;Friday,Monday;Tuesday;Wednesday;Thursday;Friday,Monday;Tuesday;Wednesday;Thursday;Friday,,,,,,,,
2022/03/14 1:13:18 PM MDT,asurite53@asu.edu,asurite53,A_53,A53@gmail.com,UTC -7,Sunday;Monday;Tuesday;Wednesday;Thursday;Friday;Saturday,,Monday;Tuesday;Wednesday;Friday,Monday;Tuesday;Wednesday;Friday,Saturday,Saturday,Sunday;Monday;Tuesday;Wednesday;Thursday;Friday,Sunday;Monday;Tuesday;Wednesday;Thursday;Friday;Saturday,asurite57,asurite66,,,,,
2022/03/14 1:34:31 PM MDT,asurite54@asu.edu,asurite54,A_54,A54@gmail.com,UTC -5,,,,,Sunday;Monday;Tuesday;Wednesday;Thursday;Friday;Saturday,Sunday;Monday;Tuesday;Wednesday;Thursday;Friday;Saturday,Sunday;Monday;Tuesday;Wednesday;Thursday;Friday;Saturday,Sunday;Monday;Tuesday;Wednesday;Thursday;Friday;Saturday,asurite46,asurite131,,,,,
2022/03/14 1:35:51 PM MDT,asurite55@asu.edu,asurite55,A_55,A55@gmail.com,UTC +3,Sunday;Monday;Tuesday;Wednesday;Thursday;Friday;Saturday,Sunday;Monday;Tuesday;Wednesday;Thursday;Friday;Saturday,Sunday;Monday;Tuesday;Wednesday;Thursday;Friday;Saturday,Sunday;Monday;Tuesday;Wednesday;Thursday;Friday;Saturday,,,,Sunday;Monday;Tuesday;Wednesday;Thursday;Friday;Saturday,asurite43,,,,,,
2022/03/14 1:48:36 PM MDT,asurite56@asu.edu,asurite56,A_56,A56@gmail.com,UTC -4,,,,Sunday;Saturday,Sunday;Monday;Tuesday;Wednesday;Thursday;Friday;Saturday,Sunday;Monday;Tuesday;Wednesday;Thursday;Friday;Saturday,Sunday;Monday;Tuesday;Wednesday;Thursday;Friday;Saturday,,,,,,asurite8,asurite81,
2022/03/14 2:30:05 PM MDT,asurite57@asu.edu,asurite57,A_57,A57@gmail.com,UTC -5,Sunday;Monday;Tuesday;Wednesday;Thursday;Friday;Saturday,,,,Sunday;Saturday,Sunday;Saturday,Sunday;Monday;Tuesday;Wednesday;Thursday;Friday;Saturday,Sunday;Monday;Tuesday;Wednesday;Thursday;Friday;Saturday,asurite8,asurite71,asurite30,asurite39,asurite66,asurite132,asurite89
2022/03/14 2:58:39 PM MDT,asurite58@asu.edu,asurite58,A_58,A58@gmail.com,UTC +2,,,,,,,Sunday;Monday;Tuesday;Wednesday;Thursday;Friday;Saturday,Sunday;Monday;Tuesday;Wednesday;Thursday;Friday;Saturday,asurite1,asurite5,asurite41,asurite70,,,
2022/03/14 2:59:15 PM MDT,asurite59@asu.edu,asurite59,A_59,A59@gmail.com,UTC -7,,,,,Sunday;Monday;Tuesday;Wednesday;Thursday;Friday;Saturday,Sunday;Monday;Tuesday;Wednesday;Thursday;Friday;Saturday,Sunday;Monday;Tuesday;Wednesday;Thursday;Friday;Saturday,Sunday;Monday;Tuesday;Wednesday;Thursday;Friday;Saturday,,,,,,,
2022/03/14 3:08:43 PM MDT,asurite60@asu.edu,asurite60,A_60,A60@gmail.com,UTC -7,,,Sunday;Monday;Tuesday;Wednesday;Thursday;Friday;Saturday,Sunday;Saturday,Sunday;Saturday,Sunday;Saturday,Sunday;Monday;Tuesday;Wednesday;Thursday;Friday;Saturday,Sunday;Monday;Tuesday;Wednesday;Thursday;Friday;Saturday,,,,,asurite33,,
2022/03/14 3:37:42 PM MDT,asurite61@asu.edu,asurite61,A_61,A61@gmail.com,UTC -7,,,,Sunday;Monday;Tuesday;Wednesday;Thursday;Friday;Saturday,Sunday;Monday;Tuesday;Wednesday;Thursday;Friday;Saturday,Sunday;Monday;Tuesday;Wednesday;Thursday;Friday;Saturday,Sunday;Monday;Tuesday;Wednesday;Thursday;Friday;Saturday,,asurite72,asurite34,asurite101,asurite6,asurite58,,
2022/03/14 3:43:58 PM MDT,asurite62@asu.edu,asurite62,A_62,A62@gmail.com,UTC -5,,,,Sunday;Saturday,Sunday;Saturday,Wednesday;Thursday;Friday,,,,,,,,,
2022/03/14 4:41:47 PM MDT,asurite63@asu.edu,asurite63,A_63,A63@gmail.com,UTC -7,,,Sunday;Saturday,Sunday;Saturday,Sunday;Saturday,Sunday;Monday;Tuesday;Wednesday;Thursday;Friday;Saturday,Sunday;Monday;Tuesday;Wednesday;Thursday;Friday;Saturday,Sunday;Monday;Tuesday;Wednesday;Thursday;Friday;Saturday,,,,,,,
2022/03/14 5:01:16 PM MDT,asurite64@asu.edu,asurite64,A_64,A64@gmail.com,UTC -6,,,,,,Monday;Wednesday;Thursday,Monday;Wednesday;Thursday,Sunday;Monday;Tuesday;Wednesday;Thursday;Saturday,,,,,,,
2022/03/14 5:11:36 PM MDT,asurite65@asu.edu,asurite65,A_65,A65@gmail.com,UTC -7,,,,Sunday;Monday;Tuesday;Wednesday;Thursday;Friday;Saturday,Monday;Tuesday;Wednesday,Monday;Tuesday,,,,,,,,,
2022/03/14 6:11:34 PM MDT,asurite66@asu.edu,asurite66,A_66,A66@gmail.com,UTC -5,,,,,,,Sunday;Monday;Tuesday;Wednesday;Thursday;Friday;Saturday,Sunday;Monday;Tuesday;Wednesday;Thursday;Friday;Saturday,asurite57,asurite89,asurite53,asurite70,,,
2022/03/14 6:52:50 PM MDT,asurite67@asu.edu,asurite67,A_67,A67@gmail.com,UTC -5,,,,Sunday;Saturday,Sunday;Monday;Tuesday;Wednesday;Thursday;Friday;Saturday,Sunday;Monday;Tuesday;Wednesday;Thursday;Friday;Saturday,Sunday;Monday;Tuesday;Wednesday;Thursday;Friday;Saturday,Sunday;Monday;Tuesday;Wednesday;Thursday;Friday;Saturday,,,,,,,
2022/03/14 6:56:16 PM MDT,asurite68@asu.edu,asurite68,A_68,A68@gmail.com,UTC -7,,,,Sunday;Monday;Tuesday;Wednesday;Thursday;Friday;Saturday,Sunday;Monday;Tuesday;Wednesday;Thursday;Friday;Saturday,Sunday;Monday;Tuesday;Wednesday;Thursday;Friday;Saturday,,,,,,,,,
2022/03/14 7:19:59 PM MDT,asurite69@asu.edu,asurite69,A_69,A69@gmail.com,UTC -7,,,,,Sunday;Saturday,Sunday;Monday;Tuesday;Wednesday;Thursday;Friday;Saturday,Sunday;Monday;Tuesday;Wednesday;Thursday;Friday;Saturday,,,,,,asurite8,,
2022/03/14 7:39:10 PM MDT,asurite70@asu.edu,asurite70,A_70,A70@gmail.com,UTC -5,,,Sunday;Saturday,Sunday;Saturday,Sunday;Saturday,Sunday;Monday;Tuesday;Wednesday;Thursday;Friday;Saturday,Sunday;Monday;Tuesday;Wednesday;Thursday;Friday;Saturday,,asurite89,asurite79,asurite8,asurite66,,,
2022/03/14 7:41:36 PM MDT,asurite71@asu.edu,asurite71,A_71,A71@gmail.com,UTC -7,,,,Sunday;Monday;Tuesday;Wednesday;Thursday;Friday;Saturday,Sunday;Monday;Tuesday;Wednesday;Thursday;Friday;Saturday,Sunday;Monday;Tuesday;Wednesday;Thursday;Friday;Saturday,Sunday;Monday;Tuesday;Wednesday;Thursday;Friday;Saturday,Sunday;Monday;Tuesday;Wednesday;Thursday;Friday;Saturday,asurite6,asurite107,asurite101,asurite102,,,
2022/03/14 8:56:57 PM MDT,asurite72@asu.edu,asurite72,A_72,A72@gmail.com,UTC -6,,,,Sunday;Saturday,Sunday;Saturday,Sunday;Tuesday;Wednesday;Thursday;Friday;Saturday,Sunday;Monday;Tuesday;Wednesday;Thursday;Friday;Saturday,Sunday;Friday;Saturday,,,,,asurite58,,
2022/03/14 9:41:48 PM MDT,asurite73@asu.edu,asurite73,A_73,A73@gmail.com,UTC -7,Monday;Tuesday;Wednesday;Thursday;Friday,Monday;Tuesday;Wednesday;Thursday;Friday,,,Monday;Tuesday;Wednesday;Thursday;Friday,Sunday;Monday;Tuesday;Wednesday;Thursday;Friday;Saturday,Monday;Tuesday;Wednesday;Thursday;Friday,Monday;Tuesday;Wednesday;Thursday;Friday,asurite85,asurite101,asurite71,asurite39,asurite8,,
2022/03/14 10:19:03 PM MDT,asurite74@asu.edu,asurite74,A_74,A74@gmail.com,UTC -8,Sunday;Saturday,Sunday;Saturday,Sunday;Saturday,Sunday;Saturday,Sunday;Saturday,Sunday;Monday;Tuesday;Wednesday;Thursday;Friday;Saturday,Sunday;Monday;Tuesday;Wednesday;Thursday;Friday;Saturday,Sunday;Monday;Tuesday;Wednesday;Thursday;Friday;Saturday,asurite21,,,,,,
2022/03/14 11:29:43 PM MDT,asurite75@asu.edu,asurite75,A_75,A75@gmail.com,UTC -7,,,,,,Monday;Tuesday;Wednesday;Thursday;Friday,Monday;Tuesday;Wednesday;Thursday;Friday,Monday;Tuesday;Wednesday;Thursday;Friday,asurite102,asurite101,asurite39,asurite19,asurite87,asurite89,
2022/03/15 12:18:02 AM MDT,asurite76@asu.edu,asurite76,A_76,A76@gmail.com,UTC -8,,,Sunday;Wednesday;Saturday,Sunday;Wednesday;Saturday,Sunday;Wednesday;Saturday,Sunday;Wednesday;Saturday,Sunday;Monday;Tuesday;Wednesday;Thursday;Friday;Saturday,Sunday;Wednesday;Saturday,,,,,,,
2022/03/15 12:31:39 AM MDT,asurite77@asu.edu,asurite77,A_77,A77@gmail.com,UTC -7,,,Sunday;Monday;Tuesday;Wednesday;Thursday;Friday;Saturday,Sunday;Saturday,Sunday;Saturday,Sunday;Saturday,Sunday;Monday;Tuesday;Wednesday;Thursday;Friday;Saturday,Sunday;Monday;Tuesday;Wednesday;Thursday;Friday;Saturday,asurite83,asurite120,,,,,
2022/03/15 8:55:26 AM MDT,asurite78@asu.edu,asurite78,A_78,A78@gmail.com,UTC -4,,,,Sunday;Monday;Tuesday;Wednesday;Thursday;Friday;Saturday,Sunday;Monday;Tuesday;Wednesday;Thursday;Friday;Saturday,Sunday;Monday;Tuesday;Wednesday;Thursday;Friday;Saturday,Sunday;Monday;Tuesday;Wednesday;Thursday;Friday;Saturday,,asurite115,,,,asurite93,,
2022/03/15 9:41:25 AM MDT,asurite79@asu.edu,asurite79,A_79,A79@gmail.com,UTC -8,,,Monday;Tuesday;Wednesday;Thursday;Friday;Saturday,Monday;Tuesday;Wednesday;Thursday;Friday;Saturday,Monday;Tuesday;Wednesday;Thursday;Friday;Saturday,Monday;Tuesday;Wednesday;Thursday;Friday;Saturday,Monday;Tuesday;Wednesday;Thursday;Friday;Saturday,Monday;Tuesday;Wednesday;Thursday;Friday;Saturday,asurite89,asurite8,asurite66,asurite70,,,
2022/03/15 9:41:33 AM MDT,asurite80@asu.edu,asurite80,A_80,A80@gmail.com,UTC -6,,,Tuesday;Wednesday,Monday;Tuesday;Wednesday;Thursday,Monday;Tuesday;Wednesday;Thursday,Sunday;Tuesday;Wednesday;Saturday,Sunday;Saturday,,,,,,,,
2022/03/15 9:42:35 AM MDT,asurite81@asu.edu,asurite81,A_81,A81@gmail.com,UTC -4,,,Sunday,Sunday;Saturday,Sunday;Saturday,Sunday;Saturday,Sunday;Monday;Tuesday;Wednesday;Thursday;Friday;Saturday,Monday;Tuesday;Wednesday;Thursday;Friday,,,,,,,
2022/03/15 9:57:46 AM MDT,asurite82@asu.edu,asurite82,A_82,A82@gmail.com,UTC -7,,,,Sunday;Monday;Wednesday;Thursday;Saturday,Sunday;Thursday;Friday;Saturday,Sunday;Monday;Tuesday;Wednesday;Friday;Saturday,Sunday;Monday;Tuesday;Wednesday;Thursday;Friday;Saturday,,asurite56,asurite116,asurite69,asurite127,asurite8,asurite110,asurite129
2022/03/15 11:06:54 AM MDT,asurite83@asu.edu,asurite83,A_83,A83@gmail.com,UTC -5,Sunday;Monday;Tuesday;Wednesday;Thursday;Friday;Saturday,,,Sunday;Monday;Tuesday;Wednesday;Thursday;Friday;Saturday,Sunday;Monday;Tuesday;Wednesday;Thursday;Friday;Saturday,Sunday;Monday;Tuesday;Wednesday;Thursday;Friday;Saturday,Sunday;Monday;Tuesday;Wednesday;Thursday;Friday;Saturday,Sunday;Monday;Tuesday;Wednesday;Thursday;Friday;Saturday,asurite77,,,,,,
2022/03/15 11:10:34 AM MDT,asurite84@asu.edu,asurite84,A_84,A84@gmail.com,UTC -7,,,,Monday;Tuesday;Wednesday;Thursday;Friday,,Monday;Tuesday;Wednesday;Thursday;Friday,,,,,,,,,
2022/03/15 12:13:40 PM MDT,asurite85@asu.edu,asurite85,A_85,A85@gmail.com,UTC -8,,,,,Saturday,Monday;Tuesday;Wednesday;Thursday,Sunday,,asurite31,asurite73,asurite39,,,,
2022/03/15 12:41:31 PM MDT,asurite86@asu.edu,asurite86,A_86,A86@gmail.com,UTC -7,,,,,,Sunday;Monday;Tuesday;Wednesday;Thursday;Friday;Saturday,Sunday;Monday;Tuesday;Wednesday;Thursday;Friday;Saturday,Sunday;Monday;Tuesday;Wednesday;Thursday;Friday;Saturday,,,,,,,
2022/03/15 1:07:31 PM MDT,asurite87@asu.edu,asurite87,A_87,A87@gmail.com,UTC -7,Sunday;Monday;Tuesday;Wednesday;Thursday;Friday;Saturday,Sunday;Monday;Tuesday;Wednesday;Thursday;Friday;Saturday,Sunday;Monday;Tuesday;Wednesday;Thursday;Friday;Saturday,Sunday;Monday;Tuesday;Wednesday;Thursday;Friday;Saturday,Sunday;Monday;Tuesday;Wednesday;Thursday;Friday;Saturday,Sunday;Thursday,Sunday;Thursday,Sunday;Thursday,,,,,,,
2022/03/15 1:39:31 PM MDT,asurite88@asu.edu,asurite88,A_88,A88@gmail.com,UTC -6,,,,Sunday;Saturday,Sunday;Saturday,Sunday;Tuesday;Thursday;Saturday,Sunday;Monday;Tuesday;Wednesday;Thursday;Friday;Saturday,,asurite21,asurite5,asurite128,,,,
2022/03/15 1:49:31 PM MDT,asurite89@asu.edu,asurite89,A_89,A89@gmail.com,UTC -7,,,Sunday;Saturday,Sunday;Saturday,Sunday;Saturday,Sunday;Monday;Tuesday;Wednesday;Thursday;Friday;Saturday,Sunday;Monday;Tuesday;Wednesday;Thursday;Friday;Saturday,Sunday;Monday;Tuesday;Wednesday;Thursday;Friday;Saturday,asurite79,asurite8,asurite66,asurite70,,,
2022/03/15 1:56:29 PM MDT,asurite90@asu.edu,asurite90,A_90,A90@gmail.com,UTC -7,,,,Wednesday,Sunday;Wednesday;Saturday,Sunday;Monday;Tuesday;Wednesday;Thursday;Friday;Saturday,,,,,,,,,
2022/03/15 2:09:29 PM MDT,asurite91@asu.edu,asurite91,A_91,A91@gmail.com,UTC -6,,,,Sunday;Monday;Wednesday;Friday;Saturday,Sunday;Monday;Tuesday;Wednesday;Thursday;Friday;Saturday,Sunday;Monday;Tuesday;Wednesday;Thursday;Friday;Saturday,Sunday;Monday;Tuesday;Wednesday;Thursday;Friday;Saturday,,asurite22,,,,,,
2022/03/15 2:13:21 PM MDT,asurite92@asu.edu,asurite92,A_92,A92@gmail.com,UTC -7,Sunday;Monday;Tuesday;Wednesday;Thursday;Friday;Saturday,Sunday;Saturday,Sunday;Saturday,Sunday;Saturday,Sunday;Monday;Tuesday;Wednesday;Thursday;Friday;Saturday,Sunday;Saturday,Sunday;Saturday,Sunday;Saturday,asurite17,asurite8,asurite21,asurite127,,,
2022/03/15 2:31:24 PM MDT,asurite93@asu.edu,asurite93,A_93,A93@gmail.com,UTC -7,Tuesday,,,,,Sunday;Monday;Wednesday;Thursday;Friday;Saturday,Sunday;Monday;Wednesday;Thursday;Friday;Saturday,Sunday;Monday;Tuesday;Wednesday;Thursday;Friday;Saturday,asurite3,asurite78,,,,,
2022/03/15 2:40:29 PM MDT,asurite94@asu.edu,asurite94,A_94,A94@gmail.com,UTC -4,,Wednesday;Thursday;Saturday,Wednesday;Thursday;Saturday,Wednesday;Thursday;Saturday,Wednesday;Thursday;Saturday,Sunday;Monday;Tuesday;Wednesday;Thursday;Friday;Saturday,Sunday;Monday;Tuesday;Wednesday;Thursday;Friday;Saturday,Sunday;Monday;Tuesday;Wednesday;Thursday;Friday;Saturday,asurite42,,,,,,
2022/03/15 2:48:10 PM MDT,asurite95@asu.edu,asurite95,A_95,A95@gmail.com,UTC -7,,,,Monday;Tuesday;Wednesday;Thursday;Friday,Sunday;Monday;Tuesday;Wednesday;Thursday;Friday;Saturday,Monday;Tuesday;Wednesday;Thursday;Friday,,Monday;Tuesday;Wednesday;Thursday;Friday,,,,,,,
2022/03/15 3:01:53 PM MDT,asurite96@asu.edu,asurite96,A_96,A96@gmail.com,UTC -5,,,Sunday;Monday;Tuesday;Wednesday;Thursday;Friday;Saturday,Sunday;Monday;Tuesday;Wednesday;Thursday;Friday;Saturday,Sunday;Monday;Tuesday;Wednesday;Thursday;Friday;Saturday,Sunday;Monday;Tuesday;Wednesday;Thursday;Friday;Saturday,Sunday;Monday;Tuesday;Wednesday;Thursday;Friday;Saturday,,asurite14,asurite8,asurite21,asurite5,asurite115,asurite59,asurite133
2022/03/15 4:05:01 PM MDT,asurite97@asu.edu,asurite97,A_97,A97@gmail.com,UTC -7,,,Sunday;Monday;Tuesday;Wednesday;Thursday;Friday;Saturday,Sunday;Monday;Tuesday;Wednesday;Thursday;Friday;Saturday,Sunday;Monday;Tuesday;Wednesday;Thursday;Friday;Saturday,Sunday;Monday;Tuesday;Wednesday;Thursday;Friday;Saturday,Sunday;Monday;Tuesday;Wednesday;Thursday;Friday;Saturday,Sunday;Monday;Tuesday;Wednesday;Thursday;Friday;Saturday,asurite4,asurite102,asurite20,asurite57,,,
2022/03/15 4:57:32 PM MDT,asurite98@asu.edu,asurite98,A_98,A98@gmail.com,UTC -6,,,,,Sunday;Monday;Tuesday;Wednesday;Thursday;Friday;Saturday,Sunday;Monday;Tuesday;Wednesday;Thursday;Friday;Saturday,Sunday;Monday;Tuesday;Wednesday;Thursday;Friday;Saturday,Sunday;Monday;Tuesday;Wednesday;Thursday;Friday;Saturday,asurite62,,,,,,
2022/03/15 5:16:18 PM MDT,asurite99@asu.edu,asurite99,A_99,A99@gmail.com,UTC -7,,,,Sunday;Saturday,Sunday;Saturday,Sunday;Monday;Tuesday;Wednesday;Thursday;Friday;Saturday,Sunday;Monday;Tuesday;Wednesday;Thursday;Friday;Saturday,Sunday;Saturday,,,,,,,
2022/03/15 5:22:10 PM MDT,asurite100@asu.edu,asurite100,A_100,A100@gmail.com,UTC +2,,,,Monday;Tuesday;Wednesday;Thursday;Friday;Saturday,Monday;Tuesday;Wednesday;Thursday;Friday;Saturday,Monday;Tuesday;Wednesday;Thursday;Friday;Saturday,Monday;Tuesday;Wednesday;Thursday;Friday;Saturday,Monday;Tuesday;Wednesday;Thursday;Friday;Saturday,,,,,,,
2022/03/15 5:23:46 PM MDT,asurite101@asu.edu,asurite101,A_101,A101@gmail.com,UTC -4,,,,,Sunday;Monday;Tuesday;Wednesday;Thursday;Friday;Saturday,Sunday;Monday;Tuesday;Wednesday;Thursday;Friday;Saturday,Sunday;Monday;Tuesday;Wednesday;Thursday;Friday;Saturday,,asurite73,asurite34,,,,,
2022/03/15 5:37:20 PM MDT,asurite102@asu.edu,asurite102,A_102,A102@gmail.com,UTC -8,Sunday;Monday;Tuesday;Wednesday;Thursday;Friday;Saturday,Sunday;Monday;Tuesday;Wednesday;Thursday;Friday;Saturday,Sunday;Monday;Tuesday;Wednesday;Thursday;Friday;Saturday,Sunday;Monday;Tuesday;Wednesday;Thursday;Friday;Saturday,Sunday;Monday;Tuesday;Wednesday;Thursday;Friday;Saturday,Sunday;Monday;Tuesday;Wednesday;Thursday;Friday;Saturday,Sunday;Monday;Tuesday;Wednesday;Thursday;Friday;Saturday,Sunday;Monday;Tuesday;Wednesday;Thursday;Friday;Saturday,asurite20,asurite34,asurite18,asurite19,asurite4,asurite66,asurite129
2022/03/15 6:04:48 PM MDT,asurite103@asu.edu,asurite103,A_103,A103@gmail.com,UTC -7,,,Sunday;Monday;Tuesday;Wednesday;Thursday;Friday;Saturday,Sunday;Monday;Tuesday;Wednesday;Thursday;Friday;Saturday,Sunday;Monday;Tuesday;Wednesday;Thursday;Friday;Saturday,Sunday;Monday;Tuesday;Wednesday;Thursday;Friday;Saturday,Sunday;Monday;Tuesday;Wednesday;Thursday;Friday;Saturday,,,,,,,,
2022/03/15 6:28:07 PM MDT,asurite104@asu.edu,asurite104,A_104,A104@gmail.com,UTC -5,,,,Sunday;Monday;Tuesday;Wednesday;Thursday;Friday,Sunday;Monday;Tuesday;Wednesday;Thursday,Sunday;Monday;Tuesday;Wednesday;Thursday,Sunday;Monday;Tuesday;Wednesday;Thursday,Sunday;Monday;Tuesday;Wednesday;Thursday;Friday;Saturday,asurite105,,,,,,
2022/03/15 6:29:46 PM MDT,asurite105@asu.edu,asurite105,A_105,A105@gmail.com,UTC -7,,,,,,Sunday;Monday;Tuesday;Wednesday;Thursday;Friday;Saturday,,,asurite94,asurite42,asurite123,,,,
2022/03/15 7:01:51 PM MDT,asurite106@asu.edu,asurite106,A_106,A106@gmail.com,UTC -7,,,,,Sunday,Sunday,Monday;Tuesday;Wednesday;Thursday;Friday,,,,,,asurite37,,
2022/03/15 7:07:48 PM MDT,asurite107@asu.edu,asurite107,A_107,A107@gmail.com,UTC -6,,,Saturday,Sunday;Saturday,Sunday;Saturday,Sunday;Monday;Tuesday;Wednesday;Thursday;Friday;Saturday,,,asurite71,,,,,,
2022/03/15 7:36:03 PM MDT,asurite108@asu.edu,asurite108,A_108,A108@gmail.com,UTC -5,Sunday;Monday;Tuesday;Wednesday;Thursday;Friday;Saturday,,,,,,Sunday;Monday;Tuesday;Wednesday;Thursday;Friday;Saturday,Sunday;Monday;Tuesday;Wednesday;Thursday;Friday;Saturday,,,,,,,
2022/03/15 7:55:03 PM MDT,asurite109@asu.edu,asurite109,A_109,A109@gmail.com,UTC -7,,,,Saturday,Saturday,Sunday;Monday;Tuesday;Wednesday;Thursday;Friday,Sunday;Monday;Tuesday;Wednesday;Thursday;Friday,,,,,,,,
2022/03/15 8:04:09 PM MDT,asurite110@asu.edu,asurite110,A_110,A110@gmail.com,UTC -5,,,Tuesday;Wednesday;Thursday;Friday,Tuesday;Wednesday;Friday,Tuesday;Thursday;Friday,,,Sunday;Monday;Tuesday;Wednesday;Thursday;Friday;Saturday,,,,,,,
2022/03/15 8:10:23 PM MDT,asurite111@asu.edu,asurite111,A_111,A111@gmail.com,UTC -4,,,Sunday;Monday;Tuesday;Wednesday;Thursday;Friday;Saturday,,,,,,,,,,,,
2022/03/15 8:24:27 PM MDT,asurite112@asu.edu,asurite112,A_112,A112@gmail.com,UTC -7,,,,Friday,Saturday,Sunday;Saturday,Sunday;Friday;Saturday,Sunday;Friday;Saturday,asurite21,asurite23,,,,,
2022/03/15 8:30:36 PM MDT,asurite113@asu.edu,asurite113,A_113,A113@gmail.com,UTC -5,,,,,,,Sunday;Monday;Tuesday;Wednesday;Thursday;Friday;Saturday,Sunday;Monday;Tuesday;Wednesday;Thursday;Friday;Saturday,,,,,,,
2022/03/15 8:32:35 PM MDT,asurite114@asu.edu,asurite114,A_114,A114@gmail.com,UTC -7,Monday;Tuesday;Wednesday;Thursday,Monday;Tuesday;Wednesday;Thursday,Monday;Tuesday;Wednesday;Thursday,Tuesday;Thursday,Tuesday;Thursday,Monday;Wednesday,Monday;Tuesday;Wednesday;Thursday,Sunday;Monday;Tuesday;Wednesday;Thursday;Friday;Saturday,,,,,,,
2022/03/15 8:48:35 PM MDT,asurite115@asu.edu,asurite115,A_115,A115@gmail.com,UTC -7,,,,,Monday;Tuesday;Wednesday;Thursday,Monday;Tuesday;Wednesday;Thursday,Monday;Tuesday;Wednesday;Thursday,Monday;Tuesday;Wednesday;Thursday,asurite96,asurite78,,,,,
2022/03/15 9:33:44 PM MDT,asurite116@asu.edu,asurite116,A_116,A116@gmail.com,UTC -7,,,Sunday;Monday;Tuesday;Wednesday;Thursday;Friday;Saturday,Sunday;Monday;Tuesday;Wednesday;Thursday;Friday;Saturday,Sunday;Saturday,Sunday;Saturday,Sunday;Monday;Tuesday;Wednesday;Thursday;Friday;Saturday,Sunday;Monday;Tuesday;Wednesday;Thursday;Friday;Saturday,,,,,,,
2022/03/15 10:07:10 PM MDT,asurite117@asu.edu,asurite117,A_117,A117@gmail.com,UTC -7,,,,,Sunday;Saturday,Sunday;Saturday,Sunday;Monday;Tuesday;Wednesday;Thursday;Friday;Saturday,Sunday;Monday;Tuesday;Wednesday;Thursday;Friday;Saturday,,,,,,,
2022/03/15 10:18:20 PM MDT,asurite118@asu.edu,asurite118,A_118,A118@gmail.com,UTC -7,,,,,,,Sunday;Monday;Tuesday;Wednesday;Thursday;Friday;Saturday,Sunday;Monday;Tuesday;Wednesday;Thursday;Friday;Saturday,,,,,,,
2022/03/15 10:37:09 PM MDT,asurite119@asu.edu,asurite119,A_119,A119@gmail.com,UTC -7,,,,Sunday;Monday;Tuesday;Wednesday;Thursday;Friday;Saturday,Sunday;Monday;Tuesday;Wednesday;Thursday;Friday;Saturday,Sunday;Monday;Tuesday;Wednesday;Thursday;Saturday,Sunday;Monday;Tuesday;Wednesday;Thursday;Saturday,Sunday;Monday;Tuesday;Wednesday;Thursday;Saturday,asurite105,,,,asurite44,,
2022/03/15 11:03:51 PM MDT,asurite120@asu.edu,asurite120,A_120,A120@gmail.com,UTC +7,Sunday;Monday;Tuesday;Wednesday;Thursday;Friday;Saturday,Sunday;Monday;Tuesday;Wednesday;Thursday;Friday;Saturday,Sunday;Monday;Tuesday;Wednesday;Thursday;Friday;Saturday,Sunday;Monday;Tuesday;Wednesday;Thursday;Friday;Saturday,Sunday;Monday;Tuesday;Wednesday;Thursday;Friday;Saturday,Sunday;Monday;Tuesday;Wednesday;Thursday;Friday;Saturday,Sunday;Monday;Tuesday;Wednesday;Thursday;Friday;Saturday,Sunday;Monday;Tuesday;Wednesday;Thursday;Friday;Saturday,asurite21,asurite134,asurite106,asurite111,,,
2022/03/15 11:10:35 PM MDT,asurite121@asu.edu,asurite121,A_121,A121@gmail.com,UTC -7,,,Sunday;Saturday,Sunday;Saturday,Sunday;Saturday,Sunday;Saturday,Sunday;Monday;Tuesday;Wednesday;Thursday;Friday;Saturday,Monday;Tuesday;Wednesday;Thursday;Friday,asurite85,asurite71,asurite20,asurite101,,,
2022/03/15 11:29:02 PM MDT,asurite122@asu.edu,asurite122,A_122,A122@gmail.com,UTC -7,,,Sunday;Saturday,Sunday;Saturday,Sunday;Saturday,Sunday;Saturday,Sunday;Monday;Tuesday;Wednesday;Thursday;Friday;Saturday,,asurite44,,,,,,
2022/03/15 11:43:35 PM MDT,asurite123@asu.edu,asurite123,A_123,A123@gmail.com,UTC -7,,,,,,Sunday;Monday;Tuesday;Wednesday;Thursday;Friday;Saturday,Sunday;Monday;Tuesday;Wednesday;Thursday;Friday;Saturday,Sunday;Monday;Tuesday;Wednesday;Thursday;Friday;Saturday,asurite94,asurite42,,,,,
2022/03/15 11:44:17 PM MDT,asurite124@asu.edu,asurite124,A_124,A124@gmail.com,UTC -5,,,Sunday;Monday;Tuesday;Wednesday;Friday;Saturday,Sunday;Monday;Tuesday;Wednesday;Friday;Saturday,Sunday;Monday;Tuesday;Wednesday;Friday;Saturday,Sunday;Monday;Tuesday;Wednesday;Thursday;Friday,Sunday;Monday;Tuesday;Wednesday;Thursday;Friday,,,,,,,,
2022/03/15 11:52:04 PM MDT,asurite125@asu.edu,asurite125,A_125,A125@gmail.com,UTC -6,,,,,Monday;Tuesday;Wednesday;Thursday;Friday,Monday;Tuesday;Wednesday;Thursday;Friday,Sunday;Monday;Tuesday;Wednesday;Thursday;Friday;Saturday,Monday;Tuesday;Wednesday;Thursday;Friday,,,,,,,
2022/03/16 12:15:55 AM MDT,asurite126@asu.edu,asurite126,A_126,A126@gmail.com,UTC -5,,,,Sunday;Monday;Tuesday;Wednesday;Thursday;Friday;Saturday,,,Sunday;Monday;Tuesday;Wednesday;Thursday;Friday;Saturday,,asurite69,asurite65,asurite39,,asurite135,,
2022/03/16 12:27:16 AM MDT,asurite127@asu.edu,asurite127,A_127,A127@gmail.com,UTC -7,,,,Sunday;Monday;Tuesday;Wednesday;Thursday;Friday,Sunday;Monday;Tuesday;Wednesday;Thursday;Friday,,,,,,,,asurite8,asurite88,
2022/03/16 6:32:21 AM MDT,asurite128@asu.edu,asurite128,A_128,A128@gmail.com,UTC -5,,,,,Sunday;Saturday,Sunday;Saturday,Sunday;Monday;Tuesday;Wednesday;Thursday;Friday;Saturday,Monday;Tuesday;Wednesday;Thursday;Friday;Saturday,asurite88,asurite5,asurite100,asurite21,,,
